country,country_code,continent,population,indicator,weekly_count,year_week,rate_14_day,cumulative_count
Brazil,BRA,America,212559409,cases,504207,2021-14,444.202000,13517808
Brazil,BRA,America,212559409,cases,455887,2021-15,451.683000,13973695
Brazil,BRA,America,212559409,deaths,21865,2021-14,191.716000,354617
Brazil,BRA,America,212559409,deaths,20065,2021-15,197.262000,374682
United States Of America,USA,America,331002647,cases,562003,2021-14,282.879000,31268132
United States Of America,USA,America,331002647,cases,402714,2021-15,291.453000,31670846
United States Of America,USA,America,331002647,deaths,7532,2021-14,37.755000,562533
United States Of America,USA,America,331002647,deaths,4683,2021-15,36.903000,567216
France,FRA,Europe,67320216,cases,236210,2021-14,762.165000,5058680
France,FRA,Europe,67320216,cases,230846,2021-15,693.783000,5289526
France,FRA,Europe,67320216,deaths,2100,2021-14,61.720000,98778
France,FRA,Europe,67320216,deaths,1984,2021-15,60.665000,100762
South Africa,ZAF,Africa,59308690,cases,6494,2021-14,21.965000,1558458
South Africa,ZAF,Africa,59308690,cases,8311,2021-15,24.963000,1566769
South Africa,ZAF,Africa,59308690,deaths,335,2021-14,11.111000,53322
South Africa,ZAF,Africa,59308690,deaths,414,2021-15,12.629000,53736
Austria,AUT,Europe,8901064,cases,18533,2021-14,454.249000,573944
Austria,AUT,Europe,8901064,cases,16316,2021-15,391.515000,590260
Austria,AUT,Europe,8901064,deaths,222,2021-14,45.500000,9411
Austria,AUT,Europe,8901064,deaths,239,2021-15,51.792000,9650
Portugal,PRT,Europe,10295909,cases,4271,2021-14,68.464000,827765
Portugal,PRT,Europe,10295909,cases,3456,2021-15,75.049000,831221
Portugal,PRT,Europe,10295909,deaths,33,2021-14,7.284000,16918
Portugal,PRT,Europe,10295909,deaths,28,2021-15,5.925000,16946
Angola,AGO,Africa,32866268,cases,700,2021-14,3.858000,23331
Angola,AGO,Africa,32866268,cases,1058,2021-15,5.349000,24389
Angola,AGO,Africa,32866268,deaths,8,2021-14,0.517000,550
Angola,AGO,Africa,32866268,deaths,11,2021-15,0.578000,561
China,CHN,Asia,1439323774,cases,196,2021-14,0.026000,102056
China,CHN,Asia,1439323774,cases,186,2021-15,0.027000,102242
China,CHN,Asia,1439323774,deaths,2,2021-14,0.001000,4843
China,CHN,Asia,1439323774,deaths,2,2021-15,0.003000,4845
Thailand,THA,Asia,69799978,cases,4483,2021-14,6.930000,33610
Thailand,THA,Asia,69799978,cases,10132,2021-15,20.938000,43742
Thailand,THA,Asia,69799978,deaths,2,2021-14,0.043000,97
Thailand,THA,Asia,69799978,deaths,7,2021-15,0.129000,104
Australia,AUS,Oceania,25499881,cases,57,2021-14,0.569000,29405
Australia,AUS,Oceania,25499881,cases,114,2021-15,0.671000,29519
Australia,AUS,Oceania,25499881,deaths,0,2021-14,0.000000,909
Australia,AUS,Oceania,25499881,deaths,1,2021-15,0.039000,910
