country,country_code,continent,population,indicator,weekly_count,year_week,rate_14_day,cumulative_count
Angola,AGO,Africa,32866268,cases,700,2021-14,3.858000,23331
Angola,AGO,Africa,32866268,deaths,8,2021-14,0.517000,550
Australia,AUS,Oceania,25499881,cases,57,2021-14,0.569000,29405
Australia,AUS,Oceania,25499881,deaths,0,2021-14,0.000000,909
Austria,AUT,Europe,8901064,cases,18533,2021-14,454.249000,573944
Austria,AUT,Europe,8901064,deaths,222,2021-14,45.500000,9411
Brazil,BRA,America,212559409,cases,504207,2021-14,444.202000,13517808
Brazil,BRA,America,212559409,deaths,21865,2021-14,191.716000,354617
China,CHN,Asia,1439323774,cases,196,2021-14,0.026000,102056
China,CHN,Asia,1439323774,deaths,2,2021-14,0.001000,4843
France,FRA,Europe,67320216,cases,236210,2021-14,762.165000,5058680
France,FRA,Europe,67320216,deaths,2100,2021-14,61.720000,98778
Portugal,PRT,Europe,10295909,cases,4271,2021-14,68.464000,827765
Portugal,PRT,Europe,10295909,deaths,33,2021-14,7.284000,16918
South Africa,ZAF,Africa,59308690,cases,6494,2021-14,21.965000,1558458
South Africa,ZAF,Africa,59308690,deaths,335,2021-14,11.111000,53322
Thailand,THA,Asia,69799978,cases,4483,2021-14,6.930000,33610
Thailand,THA,Asia,69799978,deaths,2,2021-14,0.043000,97
United States Of America,USA,America,331002647,cases,562003,2021-14,282.879000,31268132
United States Of America,USA,America,331002647,deaths,7532,2021-14,37.755000,562533
